{"stats":{"minecraft:crafted":{"minecraft:oak_planks":28,"minecraft:crafting_table":1,"minecraft:stick":4},"minecraft:mined":{"minecraft:grass_block":1,"minecraft:oak_log":7,"minecraft:dirt":1,"minecraft:bamboo":2,"minecraft:oak_leaves":3},"minecraft:custom":{"minecraft:time_since_rest":7639,"minecraft:crouch_one_cm":1032,"minecraft:sprint_one_cm":4214,"minecraft:play_time":7639,"minecraft:damage_taken":10,"minecraft:walk_one_cm":3666,"minecraft:sneak_time":721,"minecraft:walk_under_water_one_cm":253,"minecraft:jump":57,"minecraft:time_since_death":7639,"minecraft:leave_game":1,"minecraft:walk_on_water_one_cm":2282,"minecraft:total_world_time":7639,"minecraft:swim_one_cm":3229,"minecraft:fall_one_cm":1103,"minecraft:fly_one_cm":13357},"minecraft:picked_up":{"minecraft:stone_sword":1,"minecraft:oak_log":7,"minecraft:bamboo":18,"minecraft:dirt":2},"minecraft:used":{"minecraft:dirt":2}},"DataVersion":3465}